N,m,Service Shape,number of empty set,"CovProb, Eligibility Set","Width, Eligibility Set",cpu time
1000,500,1.0,0,0.9890000000000008,0.05524804028292031,3.043526240587238
0,0,0.8,0,0.0,0.0,0.0
0,0,0.6,0,0.0,0.0,0.0
0,0,0.4,0,0.0,0.0,0.0
0,0,0.2,0,0.0,0.0,0.0
