N,m,Service shape,"CovProb, Credible Set","Width, Credible Set, Service Rate","Width, Credible Set, Arrival Rate",average cpu time,theta_opt
9000,1000,1.0,0,0.5582109140801241,0.6693826711588958,87.83139340639119,[2.85679929 1.24074522]
9000,1000,0.8,0,0.23862312115279805,0.2483674891586672,87.730586373806,[5.86548716 2.66126376]
0,0,0.0,0,0.0,0.0,0.0,[7.87392723 3.02316964]
0,0,0.0,0,0.0,0.0,0.0,[10.28224743  2.90738165]
0,0,0.0,0,0.0,0.0,0.0,[0.0166845  0.41594256]
