n,m,Service_shape,"MSE, Service Rate","MSE, Arrival Rate","CovProb, Expected Score Estimate",Average CPU Time,theta_opt
10,10,0.8,44.02716489771542,12.014596266806583,0,5.482379591703422,[2.87040413 0.88356982]
50,50,0.8,0.09686742080518732,0.054777538814262956,0,6.478379889011387,[2.87040413 0.88356982]
0,0,0.0,0.0,0.0,0,0.0,0
0,0,0.0,0.0,0.0,0,0.0,0
0,0,0.0,0.0,0.0,0,0.0,0
