n,m,Service_shape,"MSE, Service Rate","MSE, Arrival Rate","CovProb, Expected Score Estimate",Average CPU Time,theta_opt
1000,1000,1.0,0.0693777146606206,0.02960708133984896,0,8.17315106868744,[2.5 1. ]
0,0,0.0,0.0,0.0,0,0.0,[2.93697664 0.91091567]
0,0,0.0,0.0,0.0,0,0.0,[4.70113806 1.42268553]
0,0,0.0,0.0,0.0,0,0.0,[8.05287851 2.10851893]
0,0,0.0,0.0,0.0,0,0.0,[9.27189158 0.80672983]
