n,m,"MSE, phi","MSE, kappa","MSE, sigma",CovProb,Average CPU Time
100,10,0.004821754470815392,0.00564909248267328,0.0023551702620386375,0.3000000000000001,4.223628230094912
100,50,0.004289889310194995,0.0015645857351644205,0.0021539854144248046,0.060000000000000005,4.426372210979463
100,100,0.0042016162664821445,0.0012353172931257816,0.0021182713287233334,0.0,4.71671104192734
100,500,0.0004367047909742039,0.00042898783126806033,0.0003013537214065984,0.0,27.746203312873853
100,1000,0.0,0.0,0.0,0.0,0.0
